<?xml version="1.0" encoding="UTF-8"?>
<gesmes:Envelope xmlns:gesmes="http://www.gesmes.org/xml/2002-08-01" xmlns="http://www.ecb.int/vocabulary/2002-08-01/eurofxref">
	<gesmes:subject>Reference rates</gesmes:subject>
	<gesmes:Sender>
		<gesmes:name>European Central Bank</gesmes:name>
	</gesmes:Sender>
	<Cube>
		<Cube time="2022-08-08">
			<Cube currency="USD" rate="1.0199"/>
			<Cube currency="JPY" rate="137.62"/>
			<Cube currency="BGN" rate="1.9558"/>
			<Cube currency="CZK" rate="24.515"/>
			<Cube currency="DKK" rate="7.4405"/>
			<Cube currency="GBP" rate="0.84165"/>
			<Cube currency="HUF" rate="394.27"/>
			<Cube currency="PLN" rate="4.7043"/>
			<Cube currency="RON" rate="4.9163"/>
			<Cube currency="SEK" rate="10.3650"/>
			<Cube currency="CHF" rate="0.9763"/>
			<Cube currency="ISK" rate="140.10"/>
			<Cube currency="NOK" rate="9.9405"/>
			<Cube currency="HRK" rate="7.5123"/>
			<Cube currency="TRY" rate="18.3175"/>
			<Cube currency="AUD" rate="1.4607"/>
			<Cube currency="BRL" rate="5.2380"/>
			<Cube currency="CAD" rate="1.3134"/>
			<Cube currency="CNY" rate="6.8931"/>
			<Cube currency="HKD" rate="8.0061"/>
			<Cube currency="IDR" rate="15147.65"/>
			<Cube currency="ILS" rate="3.3895"/>
			<Cube currency="INR" rate="81.1660"/>
			<Cube currency="KRW" rate="1329.93"/>
			<Cube currency="MXN" rate="20.6810"/>
			<Cube currency="MYR" rate="4.5477"/>
			<Cube currency="NZD" rate="1.6202"/>
			<Cube currency="PHP" rate="56.554"/>
			<Cube currency="SGD" rate="1.4058"/>
			<Cube currency="THB" rate="36.380"/>
			<Cube currency="ZAR" rate="16.9694"/>
		</Cube>
	</Cube>
</gesmes:Envelope>